{"bmi_mae": 4.034830035941776, "bmi_cor": 0.4023668512687978, "age_mae": 4.451063590713694, "sex_auc": 0.9990104608425219, "model": "vgg16_seqMT"}