{"bmi_mae": 4.875306120198103, "bmi_cor": 0.2377824487364653, "age_mae": 6.251604134523416, "sex_auc": 0.999293186316087, "model": "vgg16"}